image_id,PredictionString
IMG20240228122809_jpg.rf.bb184f37aa98d96f1db1ac5492b4c81c,
IMG20240228122949_jpg.rf.f763b523e7bb4e72507961519cbbef88,
IMG20240228122955_jpg.rf.18d6c6ad9c8c69153da34c4074004853,
IMG20240228123115_jpg.rf.3b9ae83d0bc7242bafe52e60cd81b796,
IMG20240228123131_jpg.rf.84cf43cf1c7a8d09dc507c4612108040,
IMG20240228123218_jpg.rf.91f925732b31adcff8090798f0964713,
IMG20240228123253_jpg.rf.5becb8a9982fc6683523a1121ab8248a,
IMG20240228123322_jpg.rf.38839fcf414a10c3008c2c91d62d1d35,
IMG20240228123455_jpg.rf.a62eb0d74d8e8e0d4736d34fbe59c89f,
IMG20240228123512_jpg.rf.1f0dcc49e9da900fc2ec3e4b9f7564c1,
IMG20240228123522_jpg.rf.3838891762e9ba2981d5211a1ff0c88f,
IMG20240228123605_jpg.rf.8fca72cdc304cf2af5cec1de8f77b26a,
IMG20240228123614_jpg.rf.47bf10faf0ecee2bfdd82c3055b44a0d,
IMG20240228123816_jpg.rf.11c97970dd21285cefd46f20ebf62706,
IMG20240228123839_jpg.rf.6b920f975563032e5c575805b0b7973b,
IMG20240228124228_jpg.rf.750bbe7311fa2fe51e49634bab8aa522,
IMG20240228124247_jpg.rf.e46d29bf186f1327532ce2dd83a65317,
IMG20240228124330_jpg.rf.27e02acaa33c77be2fd786817d70a3b4,
IMG20240228124440_jpg.rf.76653dd3c3850c1cae7386c97acb5d78,
IMG20240228124555_jpg.rf.ba140754797c1d1e1154369690b3a204,
IMG20240228124606_jpg.rf.ed26dcb263f2e1dd5049859d4a018425,
IMG20240228124718_jpg.rf.640bbd518610333a6fd852b961e7c5e3,
IMG20240228124844_jpg.rf.adaa6d0073a880796abc613dcd50c557,
IMG20240228124919_jpg.rf.d4b7a95ab63d8aa4b116089175dac030,
IMG20240228125011_jpg.rf.cfa2df7df206cf6b8e0138d78958810f,
IMG20240228125228_jpg.rf.739a5472edac3372c4cf16e9b4fa35d8,
IMG20240228125428_jpg.rf.eb340cd74874aacc97160936ae86e750,
IMG20240228125752_jpg.rf.bc1a62e3bf990a533ae0b711896fbb82,
IMG20240228130615_jpg.rf.91b81835f070d31c500311851ecf53af,
IMG20240228131243_jpg.rf.da49b817553c5503fb0cf1ab506fe496,
IMG20240228131252_jpg.rf.3197a35d0ff187e11c23d268614ebb17,
IMG20240228131521_jpg.rf.b6b8592c674d2b88ffd39332fcae714c,
IMG20240228131534_jpg.rf.fc14c1757791719f09b200904167a3e4,
IMG20240228131859_jpg.rf.546b55274e27cdd18e0351b774469d21,
IMG20240228132440_jpg.rf.4f92177e693c616ac27776181ccb566f,
IMG20240228132725_jpg.rf.466a2d37a73e7ca3ba7b97aa314f5294,
IMG20240228132838_jpg.rf.f3889054044c040a29729727506c78b3,
IMG20240228133137_jpg.rf.12e18c79a3d902749a2c89e763b88b85,
IMG20240303110112_jpg.rf.ae5b954d58d2831ebb568866e49ca574,
IMG20240303110140_jpg.rf.72cad1100959f83dbc151e775cb09823,
IMG20240303110322_jpg.rf.b95a4fea57a6da93b796a47581f01036,
IMG20240303110505_jpg.rf.b24eaff151ab014a37f4c611b657f846,
IMG20240303110510_jpg.rf.54106bb8ae3f2a091e13cb5b34a3d3ff,
IMG20240303110616_jpg.rf.6ba67979289866d67dcd5b515af601ac,
IMG20240303111013_jpg.rf.cc45db49b9f92c85283955e5154b2e41,
IMG20240303111020_jpg.rf.6809d63e1bc355d4b754fe2c6a29ae3a,
IMG20240303111129_jpg.rf.9c6effa1dc1d8bbcca8c48976dfb468f,
IMG20240303111610_jpg.rf.4f4c2a96b8b430532e2e87fe2932c156,
IMG20240303111619_jpg.rf.9461bf777940c54e3c37e08298b6ba04,
IMG20240303111639_jpg.rf.b16ce988ad6e76037cfb9582aed88b5d,
IMG20240306115945_jpg.rf.56e379ea07c976817e6105d97d3eda4b,
IMG20240306115954_jpg.rf.a02784808e5243df5f99be788d2e4bd8,
IMG20240306120725_jpg.rf.3c8d8e87b2e9830ccca89737ae83c09c,
IMG20240306120752_jpg.rf.085c58eef50f322d698f46a7910f95e2,
IMG20240306120859_jpg.rf.58867759746b6558b11a012d20e7810c,
IMG20240306121005_jpg.rf.d3f83459fdc8d6f819e3eedc5c818083,
IMG20240306121022_jpg.rf.3b5ab3ab45edd51d49c26def234d8eaf,
IMG20240306143809_jpg.rf.5e27f2eea55975bb849a50c00aa14dd8,
IMG20240306143838_jpg.rf.f7e08c0cf7c2eeb61853609221ffcbcc,
IMG20240306143957_jpg.rf.dd33662b283583fc061ac21b42a36b2d,
IMG20240306144352_jpg.rf.d7b9021c40dd1cda94efd16ef13f5b88,
IMG20240309112455_jpg.rf.8a1729b2afa1be04bbe0fbfbca5876ac,
IMG20240309112510_jpg.rf.b41ae7aeea4da49b2d49931df1198c6b,
IMG20240309112652_jpg.rf.34771ed4a940413ecc4eaa2face47457,
IMG20240309112839_jpg.rf.ed8dc4e64b0b13e4b4a8da7145ea556b,
IMG20240309113205_jpg.rf.688936998b276cd8298afd6fb04accf2,
IMG20240309113333_jpg.rf.73c492e54fe2a77da3f9df44c58d6e5c,
IMG20240309113432_jpg.rf.140eef85e08f7cba8dd960246fcea999,
IMG20240309113458_jpg.rf.98b11802acc20d8177ef8d7420ab470c,
IMG20240309113515_jpg.rf.871ee12cd6dbabfbccb02e82a49d01ac,
IMG20240309113808_jpg.rf.340a287c40c035db2b5ad25c93717796,
IMG20240309113823_jpg.rf.b47bb9199242840d5b2379c46d71d874,
IMG20240309113827_jpg.rf.baaec7e02f0f469e77f04b2b57ee5969,
IMG20240309114642_jpg.rf.3a992ee43624f5288abb4aa69023b4cc,
IMG20240309120426_jpg.rf.4bd662c9182fba5d24e791c83284ff36,
IMG20240309120449_jpg.rf.b0d6d18f3a7c72a448175f2b1fddcc16,
IMG20240417120340_jpg.rf.ae259312329bd4376767f4fa50d83b12,
IMG20241118101616_jpg.rf.cbc1729d77209b8fd6ab7ebe699005fe,
IMG20241118101929_jpg.rf.dafd6b79372790e3dbbbf2fba219882f,
IMG20241118102139_jpg.rf.6418b3cf0378eaf1f9f617115bad879e,
IMG20241118160018_jpg.rf.80c935bb8f7adf896addbfc2404a0ab8,
IMG20241118160143_jpg.rf.35f4163fab1069925ad6f250fba3c0b5,
IMG20241118160737_jpg.rf.5e06ed3c06d11cf68b90208aed4c796b,
IMG20241118161632_jpg.rf.0b7ce0e7b498ca01eaa01dfaa98373a9,
IMG20241118161851_jpg.rf.cf229d4eaeccf7990832c288d0ef8689,
IMG_20240228_123002_jpg.rf.8c64ce54aac275699f4b0a96044e661d,
IMG_20240228_123132_jpg.rf.67c8a37fe274ba444ed9f5fcc5ff98e3,
IMG_20240228_123209_jpg.rf.05f7f9e0a34b6a71701700b8642f0601,
IMG_20240228_123240_jpg.rf.3bba4cea7e905b898dcae1e4b4545a49,
IMG_20240228_123516_jpg.rf.8df7a933413b7145ce74018e10d03ef0,
IMG_20240228_123649_jpg.rf.ed78f522c15579155572ecc0617f1491,
IMG_20240228_124227_jpg.rf.93ad797233a5dd2e6c2342da9ac006bf,
IMG_20240228_125031_jpg.rf.25f4e0a686f318206c83a45696ac6cc8,
IMG_20240228_130051_jpg.rf.2aa9b94d4606af7b9b3f07aaa5ed8172,
IMG_20240228_130525_jpg.rf.1849b11b05b2be2b27a25597a5044da3,
IMG_20240228_130615_jpg.rf.039c5235ed9b64e165357e8634572028,
IMG_20240228_130813_jpg.rf.0805070138e19b9a538e489458e124b3,
IMG_20240228_130906_jpg.rf.b4ddf4f52638aeb850cdb24d7a304c1b,
IMG_20240228_131008_jpg.rf.c1a94e88b7977a9ca97464b7ea2b8539,
IMG_20240228_131014_jpg.rf.18292b27db9686881e363225389a4006,
IMG_20240228_131314_jpg.rf.0d7a6da82da0744c55a7eff7a4175e6e,
IMG_20240228_131410_jpg.rf.7de2c93a9da2744775a66a94de0638fc,
IMG_20240228_131519_jpg.rf.00000ea3ec97653ec1d794056e04e146,
IMG_20240228_131542_jpg.rf.edfb54f294540b594958b0aae1ba41c2,
IMG_20240228_131705_jpg.rf.f27ef4d1d8cc2a0fc1824c32bcbc71e4,
IMG_20240228_131829_jpg.rf.f5a2d861fd8e5b0503e4358ca3b6f439,
IMG_20240228_131832_jpg.rf.e8887ab799331c7946c59bbf88288111,
IMG_20240228_131851_jpg.rf.763cddeeaba8b26b725eee031d1cacc8,
IMG_20240228_131854_jpg.rf.a2174040b0529e18730d4288cf5258bf,
IMG_20240228_131903_jpg.rf.62fc5df6d4cdf13d2f783d5fe69bb4fa,
IMG_20240228_131907_jpg.rf.3c6129ed9523f22bb362cec95b727259,
IMG_20240228_132130_jpg.rf.3910b687ea94bdfefe867cf4b15ab65f,
IMG_20240228_132253_jpg.rf.c82ed59c113dc721d5c5eb7771f94192,
IMG_20240228_132327_jpg.rf.c85c5ab9e80b656f999646dbce25c5e5,
IMG_20240228_132332_jpg.rf.0525b4f9dbf2debd50f95a32748eafba,
IMG_20240228_132418_jpg.rf.f2d402daeb2c6f0bf570653f33d43ee4,
IMG_20240228_132419_jpg.rf.fd6ec50d119406580bf86db21fdb081c,
IMG_20240228_132515_jpg.rf.fbbe845ee212317c2a593313929d81a9,
IMG_20240228_132530_jpg.rf.3efb33b72b085fac350ad45b2a1fdf5f,
IMG_20240228_132539_jpg.rf.fb467324734d25fa4d3945f1825f1d95,
IMG_20240228_132601_jpg.rf.4d67e74cd99502e4fe8ba0e74ccaf252,
IMG_20240228_132610_jpg.rf.adca94bedb75a482f55a08ebe1886e7c,
IMG_20240228_132629_jpg.rf.685c271b043bf5994141dba83b738784,
IMG_20240228_132923_jpg.rf.fb091c8f30a636692db5d05997927370,
IMG_20240228_132943_jpg.rf.c40b7fc4dc6a2eed388fe4df5f66b1c6,
IMG_20240228_133018_jpg.rf.71e305bb689aeb279e96095b2ecec92a,
IMG_20240228_133039_jpg.rf.4b2dee74c3b35484a5cdcb970d584977,
IMG_20240228_133128_jpg.rf.6c41c92bee8721697bbd1dc72bb9e0ea,
IMG_20240228_133157_jpg.rf.d70e335ab2ad2faff338c04140bf0ad0,
IMG_20240228_133446_jpg.rf.1d9814507eba26dcd263074cda05c168,
IMG_20240228_133502_jpg.rf.119362c896003a0e370f527c754a33c1,
IMG_20240228_133530_jpg.rf.f0915d4af6fef028d2a01ff3dd40beb3,
IMG_20240228_135521_jpg.rf.97cb9598695a0d325374d3f30528e383,
IMG_20240228_135656_jpg.rf.874dcdc3dfc36298848f6aa43403466e,
IMG_20240228_135909_jpg.rf.a4886652c8d188cb3cfbcba24a8b4591,
IMG_20240228_135924_jpg.rf.e42c0a577df1056d3c0f6419b02abd89,
IMG_20240228_140048_jpg.rf.0d206af7d32df5968a469abc09e3d8d4,
IMG_20240228_140101_jpg.rf.f75c0da038c48ee87f3e56d5dc9109e7,
IMG_20240228_140104_jpg.rf.8002e0ca66c1f016ad8641858bb4addd,
IMG_20240228_140129_jpg.rf.031739acef8e9b8a657526db7a7d00f5,
IMG_20240228_140134_jpg.rf.c0f358f570a197227c503d5c19699e2a,
IMG_20240228_140150_jpg.rf.a8de088229ff9546caa1aa29820857a1,
IMG_20240228_140218_jpg.rf.e2e7598861e6bf48e5be40ba2a10334a,
IMG_20240228_140246_jpg.rf.45badb8ae60b7288801f74b43ef5359d,
IMG_20240228_140249_jpg.rf.eb8e69ad9e62da1d135418d6a0f50eea,
IMG_20240228_140312_jpg.rf.8294c48ccc3b905d8768bece9bbb2a21,
IMG_20240228_140537_jpg.rf.1a8683deb2d3550d652286f55e2a045f,
IMG_20240228_140542_jpg.rf.e49e04553dde480babfd3cb5fbf99997,
IMG_20240228_140547_jpg.rf.e5ef28f98af2678a9817b8e3689be529,
IMG_20240228_140558_jpg.rf.14debac01167c726314a6f9f3d21c04b,
IMG_20240228_140717_jpg.rf.497195b0e98afb19faf751c403762b09,
IMG_20240228_140741_jpg.rf.cb979d2ee21ae816d554629d36e6f93e,
IMG_20240228_140756_jpg.rf.3365028563e9ab8384d68917905c2177,
IMG_20240228_140759_jpg.rf.1d9751401335acabcb9e118cea14839f,
IMG_20240228_140815_jpg.rf.0fc58ed0e20fcf6467978f064c476d4c,
IMG_20240228_140829_jpg.rf.0d3606fcbd9cdbfb14b850df6bfad447,
IMG_20240228_140936_jpg.rf.e305e14ab8ba1e691a12236f0e9484d6,
IMG_20240228_140944_jpg.rf.4a5c6ae86cafb1c6593cce8c64dd3d4d,
IMG_20240228_141019_jpg.rf.3175caea3293156e7d599354c133ad36,
IMG_20240228_141024_jpg.rf.a1953819dcceab07776b4e222639bb19,
IMG_20240228_141143_jpg.rf.24051972c5612bc140f79ab068eb4955,
IMG_20240228_141330_jpg.rf.ecd825656b3e718e9b7a75817403f6c8,
IMG_20240228_141414_jpg.rf.11f74cde8d660e422948f7a65e3aeb39,
IMG_20240228_141431_jpg.rf.bc414e36881894ae5ecb7121f8e2c5f9,
IMG_20240228_141448_jpg.rf.3683488fa8d6e97318a025fbc10c4ac7,
IMG_20240228_141511_jpg.rf.6801701d6d58e344da894511248206f3,
IMG_20240303_105951_jpg.rf.856941b834e18babccb30ec9a5bc37f7,
IMG_20240303_110004_jpg.rf.3858f3ec4a2f487845b1ccf815efdf71,
IMG_20240303_110229_jpg.rf.c1aa7b27be2640a984af20d9408c0674,
IMG_20240303_110345_jpg.rf.c964e079f7523716d12e33132b884674,
IMG_20240303_110523_jpg.rf.f6f06c94c3a126ceef156f3784fe4a8e,
IMG_20240303_110914_jpg.rf.b92f38b1e86d55f2d9e60d81c80b9da1,
IMG_20240303_111127_jpg.rf.3ab38db8acb41ad1370d521f9c92c317,
IMG_20240303_111239_jpg.rf.d594c5d09cf7705653caaf1d54874606,
IMG_20240303_111511_jpg.rf.d4b033c8059a250f97f4e7949a26de43,
IMG_20240303_111515_jpg.rf.6ed97b2e83b038a40da2c27730a1c84c,
IMG_20240306_115248_jpg.rf.4bde258cdb047430d080e2a4f0e853de,
IMG_20240306_115824_jpg.rf.2431453b87aa20f14ec2732f36ff0077,
IMG_20240306_115849_jpg.rf.2ef279f5e6f5b56b58b81107e5d3143b,
IMG_20240306_120238_jpg.rf.cacd5a0abfe5e150465fb4ae737a06ce,
IMG_20240306_120644_jpg.rf.0969a9f6e99b96a99d64ed06eea724bc,
IMG_20240306_120801_jpg.rf.9dcec9b59efd47f128a78ea71a1b1fcc,
IMG_20240306_143405_jpg.rf.9e327070d7cb923904fbaaf997c62d33,
IMG_20240306_143409_jpg.rf.603472035d06b00fb47cbb854e07c3f5,
IMG_20240306_143422_jpg.rf.735daab4ade1c7c76606e2b343511c7f,
IMG_20240306_143708_jpg.rf.43d4f986a13679fe1491973e58d51f94,
IMG_20240306_144000_jpg.rf.6969149d8b1328d27eaacede831cec4b,
IMG_20240306_144050_jpg.rf.1bfc1338afe96864715570c2c9fbba89,
IMG_20240306_144056_jpg.rf.c01ed29bde63d655b10facd870d4c66d,
IMG_20240306_144100_jpg.rf.aa5dad0c750c6b794240316fdd28b601,
IMG_20240306_144154_jpg.rf.451c5301d38ea3f3a5fd6b9b5d1201ee,
IMG_20240309_112607_jpg.rf.601d64c24d8ae747cf6c005c588f1db7,
IMG_20240309_113404_jpg.rf.9016467c0df86523f762dd2daf1458ce,
IMG_20240309_113458_jpg.rf.95822d35b5fed627bd66adbd1ed801a1,
IMG_20240309_113527_jpg.rf.1b0c0c20c2fc628235ba85154651d867,
IMG_20240309_114056_jpg.rf.35cd21a2663fc9cf69845943cac165fe,
IMG_20240309_114132_jpg.rf.000db46a040e59937f88753546b7da6a,
IMG_20240309_114221_jpg.rf.56b664076637540c792c26b82b37b866,
IMG_20240309_114248_jpg.rf.c53ff41f62ec2d5cc8c445f4f7d029d8,
IMG_20240309_114443_jpg.rf.a3bdc1e2fe30e89be756fa6c1402c914,
IMG_20240309_114542_jpg.rf.d365a3aafb2051de40b35a04ebc5ce64,
IMG_20240309_114550_jpg.rf.7b277f8d97392310462b49ac8060d0c1,
IMG_20240309_114617_jpg.rf.12d7909aaa2334d5747d3b884767fb93,
IMG_20240309_114643_jpg.rf.414002dfa9e683659741816b4a5d5b22,
IMG_20240309_114950_jpg.rf.d6a5b63e8fb22910b611be659eb7a9da,
IMG_20240309_115200_jpg.rf.e77e3b1542111e079ea4c5d7b1455a48,
IMG_20240309_115221_jpg.rf.3479372667f8ca0727cc65c8c37230da,
IMG_20240309_115349_jpg.rf.86e315fe06ec57ac2137aecd616c296c,
IMG_20240309_115453_jpg.rf.b246e6a9d2b193038b458b8eab026f79,
IMG_20240309_115518_jpg.rf.5e1ef3b7733a6fc1177df4b07e6a15ea,
IMG_20240309_115728_jpg.rf.fa6674e192775f77276831cb9c08d2f8,
IMG_20240309_115915_jpg.rf.36ef4f6760602041e4d1c5a6a94f747b,
IMG_20240309_115948_jpg.rf.cdfca02efb738df6fa2fd870dcf35b21,
IMG_20240309_120223_jpg.rf.d21370ba00b13268b3eb2575bd318df3,
IMG_20240309_120246_jpg.rf.b17e147230b4d8ed6e8d3338a4b795fe,
IMG_20240309_120334_jpg.rf.225aac7817700f3525e7252a971a9909,
IMG_20240417_115018_jpg.rf.e9f7f1ddfc341d655476e94a6de731a0,
IMG_20240417_115033_jpg.rf.11e0dc6366e1ce119982365b8f294f7d,
IMG_20240417_115554_jpg.rf.3bdde8d9cbd1c76a19710481e24939dc,
IMG20240228125654_jpg.rf.9e9dbf556d80e21645e808b3edd44214,
IMG20240228125738_jpg.rf.e8861dac8b270929cd9704293911e417,
IMG20240228125746_jpg.rf.73a2659d246f5eeeb3d2bc61f59d98d0,
IMG20240228125809_jpg.rf.3c8ec50c6d1439eb93c62aa19ce6bb59,
IMG20240228130041_jpg.rf.ed2d1e1ef1039f3194e320c3645a848d,
IMG20240228130337_jpg.rf.18252d696bfe1f4e135697b056c2a65e,
IMG20240228130343_jpg.rf.246cd0f4b0d32ddcff7e4701ffb56889,
IMG20240228130509_jpg.rf.aa0ba910d30cda5a68a5771bb166f7a5,
IMG20240228131602_jpg.rf.613ab5be466eb720e92c4aa6408d1a85,
IMG20240228132732_jpg.rf.b2dbbf6e56b21f888682ddf6276ae791,
IMG20240228133018_jpg.rf.299ac490b5d8726f08ec2ffd54169f2c,
IMG20240228133029_jpg.rf.2c211aa203c8dcc149cbd87574401779,
IMG20240228142135_jpg.rf.d3ae08ebe38b74eda79db1553d368ef6,
IMG20240228142313_jpg.rf.fa8c5f1080753b0b824cb20e78c655b7,
IMG20240303105743_jpg.rf.178c806118a5c6766c6f775b7e34d7dc,
IMG20240303105750_jpg.rf.748b8f5280a727e7f40d6a301bfccb9d,
IMG20240303105800_jpg.rf.83f7297f3ca3145b9492d39058772b50,
IMG20240303105812_jpg.rf.96a90f4aaa15eccfa6da793730e5d516,
IMG20240303105820_jpg.rf.6ef0498a82e450c04d5e5c822413c915,
IMG20240303105838_jpg.rf.4fc543d86e2a022070e862c8a83524ef,
IMG20240303105852_jpg.rf.697d7c9db71b582b7c682e378aba460b,
IMG20240303105921_jpg.rf.f54468fdbee1c46c5b76ad5dc96edc52,
IMG20240303105934_jpg.rf.13999ddef5aafec071ff141c68270d59,
IMG20240303105939_jpg.rf.02fce24d0e73836f42905da1bc196ffd,
IMG20240303110007_jpg.rf.ad07470167d3c7eeb52e4381df71b443,
IMG20240303110030_jpg.rf.18b821b66e9854020ef5028cf083da48,
IMG20240303110037_jpg.rf.d6fcebbac336d120e9db73c3037d58a5,
IMG20240303110054_jpg.rf.420dc7115084e4d37dd5d555fc4d77d6,
IMG20240303110129_jpg.rf.3dafd3df3a521be176424ad61bfbd5fc,
IMG20240303110158_jpg.rf.76296cf510a65ecaacbc9ea4d3cd6d52,
IMG20240303110214_jpg.rf.be597af486bf1b8ba44698915735fd76,
IMG20240303110236_jpg.rf.1bc9368a5eb2aea1443ca8c169dadd50,
IMG20240303110252_jpg.rf.57f7e105cd17553c01aa295d215302ee,
IMG20240303110327_jpg.rf.e329265483852f25c916239225438ccf,
IMG20240303110336_jpg.rf.95c3f920baec67877c2348d779f3b6eb,
IMG20240303110406_jpg.rf.6edbcf526992301aa2c620142d03e266,
IMG20240303110414_jpg.rf.fd5a3805d27ba90298492effe0af7271,
IMG20240303110422_jpg.rf.785126c272d20a0e0b2fc5ea52c0df81,
IMG20240303110517_jpg.rf.6866e7d2e390a6711a1655f87eb6b149,
IMG20240303110620_jpg.rf.c07466cbca9a3e1c84fdc4f2de7be435,
IMG20240303110638_jpg.rf.718ccdf0de16b37e899155d78fd9df55,
IMG20240303110723_jpg.rf.81d77774bf7f97227b7bc90b1784cbef,
IMG20240303110728_jpg.rf.fd74a8e6866eada7ff31dff6ba96328a,
IMG20240303110734_jpg.rf.63610b146291aa0a0a92eb1d4be35304,
IMG20240303110821_jpg.rf.658dacbe37a7fb116b5ec4eaf28480b6,
IMG20240303110835_jpg.rf.73540c61fe575316bfa065a8b56d0cb8,
IMG20240303110947_jpg.rf.ca00436aa5f3281eea49db120be8ab15,
IMG20240303111006_jpg.rf.be459c44da8068e2a3750780e77fd4fb,
IMG20240303111039_jpg.rf.268f71de49e088f544414a81d4b6654f,
IMG20240303111042_jpg.rf.b3b7b04faea7c3888ed07fbcaf03fdc0,
IMG20240303111124_jpg.rf.413be8e5fdd5fb7edf56a31bd516bb0a,
IMG20240303111139_jpg.rf.d234742c1e2c5735768e04eb7daad3b3,
IMG20240303111152_jpg.rf.2fc93fac1be1044a5b1091b868f39b9c,
IMG20240303111159_jpg.rf.45d6fea8cad6279232fec238fee6226a,
IMG20240303111224_jpg.rf.9db64f21c9e027540ba623010f4f81ad,
IMG20240303111228_jpg.rf.c1d52f66583843fb6679ef61d59d4f40,
IMG20240303111243_jpg.rf.3315c3e7323dc3995bfa8bd2497dc3ec,
IMG20240303111248_jpg.rf.59dd4d433461dea39b2824d32ab0f780,
IMG20240303111258_jpg.rf.84b5ce0b8ce46aa8cfafdbfada1b7887,
IMG20240303111302_jpg.rf.d83a7a7c5e9b2c52bf983b1f50679124,
IMG20240303111312_jpg.rf.ae62491c42b4f37d6709fb179ac8ec1f,
IMG20240303111325_jpg.rf.58bcb0af71b144d87369fced808a5de6,
IMG20240303111332_jpg.rf.2def8101cdd1934192177b292d265580,
IMG20240303111615_jpg.rf.ca2fe0def104c22a90f377cde321212a,
IMG20240303111645_jpg.rf.69e9da5340b41229e63a55bb436fa44a,
IMG20240303111705_jpg.rf.88904f029d2f8e6512aa5b2eaa48e469,
IMG20240303111709_jpg.rf.e66b75f8cffc83bf8af4d630c77dab3b,
IMG20240303111716_jpg.rf.101fb6539e0b9707b6399b65c31f1447,
IMG20240303111738_jpg.rf.5250ce2bc067490699798b903019ccda,
IMG20240303111744_jpg.rf.b9342b8e10e2fa748bfd976c33be3261,
IMG20240303111804_jpg.rf.73fbb3763850d4186b405f58d6cdec2e,
IMG20240303111808_jpg.rf.c538fdcdd0738e608a78d19d29aef718,
IMG20240303111815_jpg.rf.5e70cca4e5f6b69cc9236ab8d7edf4be,
IMG20240303111821_jpg.rf.decacd16c8001e4ca50ab1f11c139b2c,
IMG20240303111838_jpg.rf.7923851badcbef46a037b193169c288b,
IMG20240303111843_jpg.rf.886e77e94d3c9a6224560aa71de702a4,
IMG20240303111847_jpg.rf.16c2e9346fb744ba89ba402ff1f6b945,
IMG20240303111850_jpg.rf.19fa3d1b4faefad420dcb4b69f5c39f5,
IMG20240303111919_jpg.rf.29d8b012d1dc5b6661a2e4d318c77729,
IMG20240303111929_jpg.rf.9020ff4112eb90a8deb44df7ef6995d4,
IMG20240306115356_jpg.rf.0eae075ce4278882bedee11ef7b29267,
IMG20240306115416_jpg.rf.bd0889b02479c31bb50dddc2cfe387b4,
IMG20240306120839_jpg.rf.7406a72795b5909ff0d396ddbe772e75,
IMG20240306121026_jpg.rf.3eb2340ddb302f34b37400e55e6b3d6f,
IMG20240306143551_jpg.rf.dc4bb3db7dbaf316291bb91c029c91a4,
IMG20240306143620_jpg.rf.f6f121f3134f8d875d91603f2f0fb78a,
IMG20240306143713_jpg.rf.b6836875320b9c2e09f7e1891d09d12e,
IMG20240306143950_jpg.rf.180189b3baecef501c94897deb0f051e,
IMG20240306144250_jpg.rf.71215031f53bf5a5f21a1d7bd017fda3,
IMG20240306144311_jpg.rf.95a022698b357bb2b0941ba54e9f775b,
IMG20240309112459_jpg.rf.489ec80f574799f3a199bdc0b9f2996c,
IMG20240309112551_jpg.rf.4e7c531bfe47d96d847c59db05ca8573,
IMG20240309112703_jpg.rf.89d35f9162955c35ac5d7e6560d2c932,
IMG20240309112748_jpg.rf.96aa2600bb694cf9a7dccb9381e2177e,
IMG20240309113417_jpg.rf.e3a9d222300cfe2f50b3e0a3f22ee999,
IMG20240309113622_jpg.rf.ee2af9ff248c1414b0e93586647a3e99,
IMG20240309114604_jpg.rf.4a5f2364ac8733d10071fbb3f0488197,
IMG20240309114740_jpg.rf.23dcf3c578647766d113a0e3fbca10ef,
IMG20240309114846_jpg.rf.67189af4421ca37de8cd4d93d675c234,
IMG20240309115014_jpg.rf.ff577bd65192c99f2419faadffe88cfa,
IMG20240309115204_jpg.rf.ec0815419b20ef1bfceb86b560d1f3d7,
IMG20240309115335_jpg.rf.558941e54923472f212ff8bc75d7484a,
IMG20240417115121_jpg.rf.07f8811136cb87a39dabc9f7bbfadd0f,
IMG20240417115151_jpg.rf.e827e8bde630deb8ac37341c11f8c46d,
IMG20241118101346_jpg.rf.46ca6df0ae15f80e935ccc362bc18b63,
IMG20241118102634_jpg.rf.5564e9f10bcf75bf3dcae61988cce4d4,
IMG20241118155549_jpg.rf.6194e642edf6561b9ff84fcf57300f41,
IMG20241118161125_jpg.rf.f953c647407d9ebb575861f88acfd3ff,
IMG20241118161536_jpg.rf.fb602cc49b0dc909ee520e218f3826a7,
IMG_20240228_122819_jpg.rf.549f931f79ce6af1acb40d1d98720cd7,
IMG_20240228_122853_jpg.rf.4433a5e1b941b7dec4f8050508a7f0bb,
IMG_20240228_122950_jpg.rf.0b3fdfc1c70422d161d17d3c659c004c,
IMG_20240228_122954_jpg.rf.6970bfd782c57efc6178f98d6fefddab,
IMG_20240228_123007_jpg.rf.bdeda2aa37f87c751d99b8a77ce2502b,
IMG_20240228_123015_jpg.rf.0f96382b2d6647ba2859e832ba8d47ff,
IMG_20240228_123023_jpg.rf.2574143a49fea18a4798e4195ef69a9b,
IMG_20240228_123102_jpg.rf.1a639b3175c2a86c73171ea5f9a92bea,
IMG_20240228_123116_jpg.rf.800a3fffb3982a858731129662f1dca0,
IMG_20240228_123219_jpg.rf.6c38e494b9c04430125261bf223f2611,
IMG_20240228_123225_jpg.rf.fad0d97fbdae7dde0429087ba113331b,
IMG_20240228_123232_jpg.rf.2e29b097d09ab8f4e7804f324b877699,
IMG_20240228_123301_jpg.rf.294c4e1c16a86edc13b3d157f6714182,
IMG_20240228_123305_jpg.rf.9e60c0669de4b61bb687056432af12e1,
IMG_20240228_123315_jpg.rf.c1408e03032c36c690109773690270d1,
IMG_20240228_123320_jpg.rf.78afb0fbf9f212520e330669b3a692bb,
IMG_20240228_123331_jpg.rf.ad5985b11eed321b95ae4b435175d50e,
IMG_20240228_123336_jpg.rf.497f45bc6f150f5f833babf0d569e822,
IMG_20240228_123348_jpg.rf.30e9cb1d9eb39d658a6ac48d6ba62b4e,
IMG_20240228_123449_jpg.rf.831c1ff9382d020241412efa75610c86,
IMG_20240228_123455_jpg.rf.428ed950ee2afe7df20606dd6797371b,
IMG_20240228_123505_jpg.rf.11844ea7229dd29b89216fcac87ae9cd,
IMG_20240228_123521_jpg.rf.cba100e81dbbc513b77595798019c788,
IMG_20240228_123720_jpg.rf.d85e6cf406466e1f56e655fad9958daf,
IMG_20240228_123733_jpg.rf.7a261d7a513e7c3d90f9d4c94b64bbd7,
IMG_20240228_123822_jpg.rf.9258245c51e15052249d01d4ee6424de,
IMG_20240228_123928_jpg.rf.3473546ad7de56319a4e9f9380118997,
IMG_20240228_124721_jpg.rf.e6866b635f043c95380d45c783aa281c,
IMG_20240228_124846_jpg.rf.de124059b1bea80878dae0306ac14cb1,
IMG_20240303_105837_jpg.rf.dcfb10a1266f64c59476df6c0983f005,
IMG_20240303_110048_jpg.rf.6d192739579efd098d34cc765d7e500c,
IMG_20240303_110113_jpg.rf.fb62f492b083015fdbe1616b656736a3,
IMG_20240303_110245_jpg.rf.cc86c5efd78aa3cc6042583dd36b8e9f,
IMG_20240303_110324_jpg.rf.27680e34a668f1058716a0330e7c4311,
IMG_20240303_110327_jpg.rf.9aacba9e261340e8a72859a91fab648f,
IMG_20240303_110335_jpg.rf.94df392d2101bb65f830815ea09bbc6a,
IMG_20240303_110412_jpg.rf.f2eb874ee85d4b3d4853aff816e1e393,
IMG_20240303_110417_jpg.rf.5bb96e2308c82ffcd12c96cb02718d29,
IMG_20240303_110604_jpg.rf.1033f92201cc3324da1c2f00b0e3974d,
IMG_20240303_110630_jpg.rf.1176c195789691d982eb0bca61ddea99,
IMG_20240303_110904_jpg.rf.d4b9282866dbc68726d6512961e34382,
IMG_20240303_111100_jpg.rf.04ce9adbd8f2efd3e2842f6653bbbb81,
IMG_20240303_111136_jpg.rf.0d10b7de39b302809eca25551f4a9772,
IMG_20240303_111154_jpg.rf.00fbdef8d408d5d58301eb952b29db23,
IMG_20240303_111206_jpg.rf.d8b6d444a8694dfd5f157b28d9942300,
IMG_20240303_111225_jpg.rf.730a5eb948a03ca76ade77905387f4d1,
IMG_20240303_111327_jpg.rf.807217d78af3d570e3317ae5f0e441df,
IMG_20240303_111418_jpg.rf.298073f14d4d6fae76bed658a68b548d,
IMG_20240303_111426_jpg.rf.e4ac23b147be4f2aee89138c3e9fb8f9,
IMG_20240303_111434_jpg.rf.8c74fd4f4b69d7677ee47adf408cdd99,
IMG_20240303_111439_jpg.rf.f044f42f54d584ab0e765a74b175abb9,
IMG_20240303_111459_jpg.rf.372864191ab5482bc3c350111a0aaae2,
IMG_20240303_111507_jpg.rf.050a649e2c3b4dde1e0ab783c5bf08f8,
IMG_20240303_111519_jpg.rf.3bd20d2e8acef4213067372900b20f57,
IMG_20240303_111535_jpg.rf.41df93a2798bf6b4d7ccc1094b78c412,
IMG_20240303_111538_jpg.rf.c8a2a14b63982cc2550db5e84b5c85fc,
IMG_20240303_111543_jpg.rf.732bfff96fa583eb14b064a014f14d5c,
IMG_20240303_111552_jpg.rf.0237b998f7931c648bc460bc98077c5d,
IMG_20240306_115212_jpg.rf.148d33434b7de12c4d3a80713b6ba549,
IMG_20240306_120025_jpg.rf.f3d618ac2a43b287c975de7feddc0ad9,
IMG_20240306_120259_jpg.rf.6d7a969d642c9f426d954cdbb8e197b0,
IMG_20240306_120433_jpg.rf.13d485e0d909c1eee5d5a1e8fd88a550,
IMG_20240306_120648_jpg.rf.73cbbcdee026fd3bf109c37b114eb77c,
IMG_20240306_120752_jpg.rf.ef52daa8fbf3a632a08977008f4db1cb,
IMG_20240306_120807_jpg.rf.6755adc5c4cdcd00b758af6cad5a033c,
IMG_20240306_121004_jpg.rf.8e828f57e0343f5d5d66f66659fcfb1d,
IMG_20240306_143648_jpg.rf.31eef14afeaa0d8b84c3b9bbc45a2d41,
IMG_20240306_143742_jpg.rf.ab5714c48a2bd12efc091013d309dced,
IMG_20240306_143943_jpg.rf.14a46f314c46ad651f95f3f71e4a6151,
IMG_20240306_144146_jpg.rf.ecbe152249a295e6f587ad769b91b694,
IMG_20240306_144150_jpg.rf.502a4012e0ce40411dd33954835a8d6c,
IMG_20240306_144215_jpg.rf.bbca63179dbd758424947956bf342e14,
IMG_20240309_112657_jpg.rf.1c610abda04e65ec0e9be604345a1ead,
IMG_20240309_112841_jpg.rf.77154252b35bcd93f1f9c7227d1335cb,
IMG_20240309_112934_jpg.rf.7bc4e4bba958404f184359faac462a8c,
IMG_20240309_113054_jpg.rf.23d58a182f15e2d546e5c55efd66d2ea,
IMG_20240309_113356_jpg.rf.8939398b213ecadcaaee2ef0c5e58bce,
IMG_20240309_113550_jpg.rf.48ac6bc569db45b40889b9fb146329c3,
IMG_20240309_113625_jpg.rf.df90968d5cf7eb0be64248e0896d2bbf,
IMG_20240309_113711_jpg.rf.e1c8bf2d2753ea62b6e616601ad11c36,
IMG_20240309_113723_jpg.rf.5d516f6f4607c551267e6c6a9010308b,
IMG_20240309_113834_jpg.rf.d39f4215b31281bc62905054e7a4a8b9,
IMG_20240309_114006_jpg.rf.32f5949abdc981aea653cd8408969268,
IMG_20240309_114140_jpg.rf.0e579a6297b46d4def2caf3e4235d9c4,
IMG_20240309_114741_jpg.rf.74abf4009322fdf317bc0bc394891c0b,
IMG_20240309_114840_jpg.rf.319b907b17d755512e08dbf460f18a5f,
IMG_20240309_115144_jpg.rf.4fe810a85a7b8edd688e18de1b06c451,
IMG_20240309_115637_jpg.rf.1ad91995298a2a77e56bc03a4157382b,
IMG_20240309_115756_jpg.rf.5e4c940cf19f7681b16b842bfb2da406,
IMG_20240309_115840_jpg.rf.56c3ff19b26caca498efebeddcd942b6,
IMG_20240309_115958_jpg.rf.78225ec9fab634e4b1d0998819814f23,
IMG_20240309_120210_jpg.rf.a338ec4c2c3b6bb422c7cf4b715c5649,
IMG_20240417_115042_jpg.rf.0f02a8878f256e797d915f8f2d5e06ce,
IMG_20240417_115155_jpg.rf.cc561a38767b4abb5b429c6f202e4022,
IMG_20240417_115349_jpg.rf.a04f74ef366515ee3c7ab2f809011364,
IMG_20240417_115403_jpg.rf.8bc331740c8e3a383a66b5972498e6fb,
